From,To
Depot,ChIJ0zAa911ZwokRQlmIU8v4Kzs
ChIJ0zAa911ZwokRQlmIU8v4Kzs,ChIJm5bO7l1ZwokRHeB-QQwXAdE
ChIJm5bO7l1ZwokRHeB-QQwXAdE,ChIJJ8jP9kBZwokRfQdnH4EgVFk
ChIJJ8jP9kBZwokRfQdnH4EgVFk,ChIJiWXDYR1cwokRL82F6r4W_bk
ChIJiWXDYR1cwokRL82F6r4W_bk,ChIJJYi2sUBZwokRfsq_XXpGvQw
ChIJJYi2sUBZwokRfsq_XXpGvQw,ChIJa1YQ25lbwokROdvk22x6vHc
ChIJa1YQ25lbwokROdvk22x6vHc,ChIJEdfDyr5bwokRV7yHSUveCJE
ChIJEdfDyr5bwokRV7yHSUveCJE,ChIJ5VV4FyJcwokRL6sBtbyxRco
ChIJ5VV4FyJcwokRL6sBtbyxRco,ChIJdTjwaaFbwokRn7WZXdx_fR8
ChIJdTjwaaFbwokRn7WZXdx_fR8,ChIJG7L-TLVbwokRT36uIrwz2Mo
ChIJG7L-TLVbwokRT36uIrwz2Mo,ChIJmZQsMgFbwokRMc5I7kPdQ7w
ChIJmZQsMgFbwokRMc5I7kPdQ7w,ChIJ6ZQpRmBawokR0kz4HEWfI7U
ChIJ6ZQpRmBawokR0kz4HEWfI7U,ChIJIwENLUlawokRrzvvH06NlaE
ChIJIwENLUlawokRrzvvH06NlaE,ChIJAX-UKUlawokRv3w8InaZxjE
ChIJAX-UKUlawokRv3w8InaZxjE,Depot
Depot,ChIJwTC7A55ZwokRPNX9g7ngbaI
ChIJwTC7A55ZwokRPNX9g7ngbaI,ChIJiUJ1DI5ZwokRWdK6SPg9BOY
ChIJiUJ1DI5ZwokRWdK6SPg9BOY,ChIJ3eHXlHZZwokRuzME-28niVI
ChIJ3eHXlHZZwokRuzME-28niVI,ChIJy-kRkohZwokRiY5fbRn0m18
ChIJy-kRkohZwokRiY5fbRn0m18,ChIJQT7-qZRZwokRA7oVNv2nPEY
ChIJQT7-qZRZwokRA7oVNv2nPEY,ChIJ-RI--4lZwokRiYan0AUhOEU
ChIJ-RI--4lZwokRiYan0AUhOEU,ChIJrxO2pRZawokR0mbIe2S_4L4
ChIJrxO2pRZawokR0mbIe2S_4L4,ChIJvVFW2YZZwokRca6P_hbHpmY
ChIJvVFW2YZZwokRca6P_hbHpmY,ChIJkTIj34lZwokR-nmGDf9Cn_Q
ChIJkTIj34lZwokR-nmGDf9Cn_Q,ChIJnS_8aoNZwokRf2ijTTh4prk
ChIJnS_8aoNZwokRf2ijTTh4prk,ChIJccD1RIdZwokRnO2erj2tdag
ChIJccD1RIdZwokRnO2erj2tdag,ChIJ-14Y8hFawokRAxpOV3qCC0o
ChIJ-14Y8hFawokRAxpOV3qCC0o,Depot
Depot,ChIJqVEEsyJawokRprbbV1yvNBE
ChIJqVEEsyJawokRprbbV1yvNBE,ChIJ7_c8yY5ZwokRKIArrMkYHmk
ChIJ7_c8yY5ZwokRKIArrMkYHmk,ChIJ4zcgExtawokReB1LKvKoVi0
ChIJ4zcgExtawokReB1LKvKoVi0,ChIJQYmJtx5awokR45_sopkXVNE
ChIJQYmJtx5awokR45_sopkXVNE,ChIJh4MG8h9awokR1kDLslu2C3E
ChIJh4MG8h9awokR1kDLslu2C3E,ChIJU1XImaNZwokRutunetC8XeE
ChIJU1XImaNZwokRutunetC8XeE,ChIJU3IVO-tZwokRx6iWrhKQTng
ChIJU3IVO-tZwokRx6iWrhKQTng,ChIJdTlWmaBZwokRgtKH8NPb67o
ChIJdTlWmaBZwokRgtKH8NPb67o,ChIJHy0ZlqNZwokRABxBCQR_37o
ChIJHy0ZlqNZwokRABxBCQR_37o,ChIJyQ5DNwNZwokROgxq0fj06is
ChIJyQ5DNwNZwokROgxq0fj06is,ChIJf1Y5pQZZwokR-RLBsc-m67I
ChIJf1Y5pQZZwokR-RLBsc-m67I,ChIJmzE1Y6tZwokRQLY6pr6tTDk
ChIJmzE1Y6tZwokRQLY6pr6tTDk,Depot
Depot,ChIJ97BgiDtfwokRsbkP6Vl1seY
ChIJ97BgiDtfwokRsbkP6Vl1seY,ChIJvUuF1NlewokRzEqqGWT2ATY
ChIJvUuF1NlewokRzEqqGWT2ATY,ChIJr3pjKSpZwokRoUoVCSYE5tg
ChIJr3pjKSpZwokRoUoVCSYE5tg,ChIJBU93KjtfwokR9-HyfXPkN6Y
ChIJBU93KjtfwokR9-HyfXPkN6Y,ChIJefTurBlfwokRDQWW2f3cz84
ChIJefTurBlfwokRDQWW2f3cz84,ChIJ6dvVZ9tYwokRfw7k-xvk53U
ChIJ6dvVZ9tYwokRfw7k-xvk53U,ChIJsQODKt9ewokRUC_9IL1F9gw
ChIJsQODKt9ewokRUC_9IL1F9gw,ChIJ24V7r_31wokR-S71l2zqrwc
ChIJ24V7r_31wokR-S71l2zqrwc,ChIJT1ZEl4JYwokRXQMvGg9VMPE
ChIJT1ZEl4JYwokRXQMvGg9VMPE,ChIJBVgKiaZYwokRmMiA0bhFd4A
ChIJBVgKiaZYwokRmMiA0bhFd4A,ChIJVQZ5bif2wokRdOKgFt-pfL4
ChIJVQZ5bif2wokRdOKgFt-pfL4,ChIJrZJgrUZfwokRnQ2sbm0GkWI
ChIJrZJgrUZfwokRnQ2sbm0GkWI,Depot
Depot,ChIJDchewklewokR8HKo3c8eLWY
ChIJDchewklewokR8HKo3c8eLWY,ChIJ7RuAnjdewokR1Oz5M5SUIEU
ChIJ7RuAnjdewokR1Oz5M5SUIEU,ChIJz-AjxCBewokRMpaMLTXBt4Q
ChIJz-AjxCBewokRMpaMLTXBt4Q,ChIJkZXyZw5ewokR8GtgdOCGuy0
ChIJkZXyZw5ewokR8GtgdOCGuy0,ChIJwSBKWiVewokRYm68DSLf5tk
ChIJwSBKWiVewokRYm68DSLf5tk,ChIJbdnGmlxewokRobPWHJXQVjM
ChIJbdnGmlxewokRobPWHJXQVjM,ChIJeRxpSKhfwokRD-kwzfT0mP4
ChIJeRxpSKhfwokRD-kwzfT0mP4,ChIJ5U9z5vtewokRFIyf1h7Pzcc
ChIJ5U9z5vtewokRFIyf1h7Pzcc,ChIJ-2w1db1fwokRRf84gF710ak
ChIJ-2w1db1fwokRRf84gF710ak,ChIJZ8we6h1fwokR5CyR8wl6Zo0
ChIJZ8we6h1fwokR5CyR8wl6Zo0,ChIJ8S6sKahfwokRwuI1htqtXOI
ChIJ8S6sKahfwokRwuI1htqtXOI,ChIJny4cyUtewokRIpoNIQlGprU
ChIJny4cyUtewokRIpoNIQlGprU,Depot
Depot,ChIJ7yTta65bwokRgniZB4JISaI
ChIJ7yTta65bwokRgniZB4JISaI,ChIJ8WmdFrhbwokRXsxVV9UmbCc
ChIJ8WmdFrhbwokRXsxVV9UmbCc,ChIJj2ZYEFpawokRWntytGZC1Ds
ChIJj2ZYEFpawokRWntytGZC1Ds,ChIJrY4KOzFawokRDCaABlBimbM
ChIJrY4KOzFawokRDCaABlBimbM,ChIJrT-YxVFawokROzsnXO2cOoQ
ChIJrT-YxVFawokROzsnXO2cOoQ,ChIJiVLhXlVawokRV-41TLoMBGU
ChIJiVLhXlVawokRV-41TLoMBGU,ChIJrahUxk1awokRVdW3wqA3PSk
ChIJrahUxk1awokRVdW3wqA3PSk,ChIJSy-iuE9awokRtWLkrhGTjkg
ChIJSy-iuE9awokRtWLkrhGTjkg,ChIJ1xNe4cxbwokRnDw-6Rvhxng
ChIJ1xNe4cxbwokRnDw-6Rvhxng,ChIJ__vXpar7ZUARpOkozaTYV2c
ChIJ__vXpar7ZUARpOkozaTYV2c,ChIJQRY08qhbwokRke2RxC_TMmw
ChIJQRY08qhbwokRke2RxC_TMmw,ChIJt2vTu1lawokRfVV3pBzItgU
ChIJt2vTu1lawokRfVV3pBzItgU,Depot
Depot,ChIJS5sK5fxdwokRPLKKCZgMtHk
ChIJS5sK5fxdwokRPLKKCZgMtHk,ChIJwXzlJMJdwokR74zvIDCGVcQ
ChIJwXzlJMJdwokR74zvIDCGVcQ,ChIJtYfU-ihcwokRENMWIpo_7Y8
ChIJtYfU-ihcwokRENMWIpo_7Y8,ChIJLXqvAAJdwokRSeu3qp3b1es
ChIJLXqvAAJdwokRSeu3qp3b1es,ChIJ1XNB_QxdwokR9tozzHdce_A
ChIJ1XNB_QxdwokR9tozzHdce_A,ChIJ_eQYpFdmwokR756MAH2tZPw
ChIJ_eQYpFdmwokR756MAH2tZPw,ChIJdzOVw31nwokRPV0r1muSS58
ChIJdzOVw31nwokRPV0r1muSS58,ChIJC085Xl9mwokRg0iipTP2kTA
ChIJC085Xl9mwokRg0iipTP2kTA,ChIJqxFtW5JmwokRT35JxRT7BVU
ChIJqxFtW5JmwokRT35JxRT7BVU,ChIJoQK_Y1hnwokRLkhjEpVsGxo
ChIJoQK_Y1hnwokRLkhjEpVsGxo,ChIJ7eVyaphgwokRndD8EKwA32A
ChIJ7eVyaphgwokRndD8EKwA32A,Depot
Depot,ChIJ7R4tgLtZwokRM8thlhlzE2o
ChIJ7R4tgLtZwokRM8thlhlzE2o,ChIJfzFqxVFYwokRKyAbRK6Nhqw
ChIJfzFqxVFYwokRKyAbRK6Nhqw,ChIJHTUgTv1YwokRWmpZQ73rMB0
ChIJHTUgTv1YwokRWmpZQ73rMB0,ChIJSUxHwVZYwokRXFyQi9V71Xw
ChIJSUxHwVZYwokRXFyQi9V71Xw,ChIJHyi7pQlZwokRanY7lCmfPQ0
ChIJHyi7pQlZwokRanY7lCmfPQ0,ChIJ19r2XwhZwokRu9S4dTw2nV4
ChIJ19r2XwhZwokRu9S4dTw2nV4,ChIJNZ2RpldYwokRFkZTMvzLazM
ChIJNZ2RpldYwokRFkZTMvzLazM,ChIJp8XA4QNZwokRfee54d9ZrOY
ChIJp8XA4QNZwokRfee54d9ZrOY,ChIJNfETS5ZZwokRJeH4fxx77iI
ChIJNfETS5ZZwokRJeH4fxx77iI,ChIJ9deo9K9ZwokRBVZ4XIIK5oM
ChIJ9deo9K9ZwokRBVZ4XIIK5oM,ChIJi5-g-5VZwokRxp6Ytx_8D88
ChIJi5-g-5VZwokRxp6Ytx_8D88,ChIJ3wsoxKFZwokRRg8OvEjE0bc
ChIJ3wsoxKFZwokRRg8OvEjE0bc,ChIJRZqwjfVYwokRa2y8Hl6RhhI
ChIJRZqwjfVYwokRa2y8Hl6RhhI,Depot
Depot,ChIJPeqGLN5fwokRWqWRd7OxObc
ChIJPeqGLN5fwokRWqWRd7OxObc,ChIJFzqpeFJewokRw_rLngm1Wjs
ChIJFzqpeFJewokRw_rLngm1Wjs,ChIJCfyBKqdYwokRqPKvcHfND2I
ChIJCfyBKqdYwokRqPKvcHfND2I,ChIJ_bznMKFYwokRfmZ8NGzUzDE
ChIJ_bznMKFYwokRfmZ8NGzUzDE,ChIJeyzuSZVYwokRkVP6JPdmdJI
ChIJeyzuSZVYwokRkVP6JPdmdJI,ChIJsy4N14pYwokRq-HApXG-tLo
ChIJsy4N14pYwokRq-HApXG-tLo,ChIJwZmhPYZYwokRgpXtrDKmE0Y
ChIJwZmhPYZYwokRgpXtrDKmE0Y,ChIJ3R85DSb2wokR1XobETRMs5E
ChIJ3R85DSb2wokR1XobETRMs5E,ChIJYTxm0Gf2wokR5V0iFDQ-2x0
ChIJYTxm0Gf2wokR5V0iFDQ-2x0,ChIJfxyTIQ32wokRxjovn0UE72M
ChIJfxyTIQ32wokRxjovn0UE72M,ChIJjaUo2N31wokRp-65go_gGB4
ChIJjaUo2N31wokRp-65go_gGB4,ChIJjXg4UDP0wokR1Zhdo2BpZEo
ChIJjXg4UDP0wokR1Zhdo2BpZEo,Depot
Depot,ChIJLyC-UZRcwokRLbmwG2PXM64
ChIJLyC-UZRcwokRLbmwG2PXM64,ChIJ_QfagF9cwokR7b8aZshUano
ChIJ_QfagF9cwokR7b8aZshUano,ChIJQempmHZbwokRQO8c2BHgSbE
ChIJQempmHZbwokRQO8c2BHgSbE,ChIJ34uYGnVbwokRv-kZPvMaKw0
ChIJ34uYGnVbwokRv-kZPvMaKw0,ChIJMUkOETdbwokRAmjoHlECnK0
ChIJMUkOETdbwokRAmjoHlECnK0,ChIJQeEnLeRawokR-5ZtTwyVwRs
ChIJQeEnLeRawokR-5ZtTwyVwRs,ChIJ489PWQFbwokRVD457i0GA2g
ChIJ489PWQFbwokRVD457i0GA2g,ChIJIahghx5bwokR_RxnzolHbdI
ChIJIahghx5bwokR_RxnzolHbdI,ChIJj6hGuQJbwokRod_MgPWboUk
ChIJj6hGuQJbwokRod_MgPWboUk,ChIJ8czgdvtawokRvKWNhkb3TH4
ChIJ8czgdvtawokRvKWNhkb3TH4,Depot
Depot,ChIJDduMtyFbwokRiM6SnofOtgE
ChIJDduMtyFbwokRiM6SnofOtgE,ChIJ7cV5da5awokRtlHXgytbQ7M
ChIJ7cV5da5awokRtlHXgytbQ7M,ChIJRR7W62BFwokRlrVks40mAdU
ChIJRR7W62BFwokRlrVks40mAdU,ChIJIUY1LYpPwokRWOoH7wwXKLk
ChIJIUY1LYpPwokRWOoH7wwXKLk,ChIJpfPZSYZPwokRXgPcFyKYXVk
ChIJpfPZSYZPwokRXgPcFyKYXVk,ChIJt5DcjLRFwokRyxil5Pjp3Fo
ChIJt5DcjLRFwokRyxil5Pjp3Fo,ChIJAcvI8aNFwokR66KTXE3TbGk
ChIJAcvI8aNFwokR66KTXE3TbGk,ChIJk_bqtXRFwokRQ_va0yQSsl8
ChIJk_bqtXRFwokRQ_va0yQSsl8,ChIJSRE6jfpEwokR0A4A6L0uCHc
ChIJSRE6jfpEwokR0A4A6L0uCHc,ChIJReQHww5FwokRGlFWAkn4opg
ChIJReQHww5FwokRGlFWAkn4opg,ChIJtVRN0j5FwokRJEtrXFTO3lQ
ChIJtVRN0j5FwokRJEtrXFTO3lQ,Depot
Depot,ChIJq5J1rchEwokR87mdeDWoiuw
ChIJq5J1rchEwokR87mdeDWoiuw,ChIJlZz_0alEwokRdoOPwPeZDGg
ChIJlZz_0alEwokRdoOPwPeZDGg,ChIJXeLOsTZDwokRQ_l39cASWTQ
ChIJXeLOsTZDwokRQ_l39cASWTQ,ChIJQXjoRE1bwokRhonIlO2Vp_g
ChIJQXjoRE1bwokRhonIlO2Vp_g,ChIJaVWMrqBEwokRObrAIwv9Asw
ChIJaVWMrqBEwokRObrAIwv9Asw,ChIJ5dA_u0NDwokRDANvVBCUNPc
ChIJ5dA_u0NDwokRDANvVBCUNPc,ChIJ2b5lOK5EwokR6a3YEe61AiI
ChIJ2b5lOK5EwokR6a3YEe61AiI,ChIJEW6P5EJDwokRmLw7Ke_chn0
ChIJEW6P5EJDwokRmLw7Ke_chn0,ChIJpdXYmLtcwokRO88DV4ikd-g
ChIJpdXYmLtcwokRO88DV4ikd-g,ChIJjTwNLXpDwokRNNljZOIHqzQ
ChIJjTwNLXpDwokRNNljZOIHqzQ,ChIJ7-uIlEFEwokRlbHGtjrdFtM
ChIJ7-uIlEFEwokRlbHGtjrdFtM,Depot
Depot,ChIJ5cPkuBtgwokRn55JgpGqjFA
ChIJ5cPkuBtgwokRn55JgpGqjFA,ChIJbyTF78RgwokRfR3kofTDeuI
ChIJbyTF78RgwokRfR3kofTDeuI,ChIJSdjslwNhwokRMFnFYGluGKU
ChIJSdjslwNhwokRMFnFYGluGKU,ChIJK-3lsh9hwokRZ_QTxehIQr8
ChIJK-3lsh9hwokRZ_QTxehIQr8,ChIJG5XLtuhgwokRlyuDe8bzlBY
ChIJG5XLtuhgwokRlyuDe8bzlBY,ChIJEa1sSdlgwokRYlnYzfDC7M8
ChIJEa1sSdlgwokRYlnYzfDC7M8,ChIJNf5KVwBhwokRnID2J0L-ntI
ChIJNf5KVwBhwokRnID2J0L-ntI,ChIJBcI-MKRgwokRMFDDVkAfqi4
ChIJBcI-MKRgwokRMFDDVkAfqi4,ChIJd0jZvMBgwokRt9UGSBKfyXM
ChIJd0jZvMBgwokRt9UGSBKfyXM,ChIJs_YHpGdnwokRbi_NHSnDPqA
ChIJs_YHpGdnwokRbi_NHSnDPqA,ChIJqb_48vddwokRuV6Y_VOHX6o
ChIJqb_48vddwokRuV6Y_VOHX6o,ChIJmZKM98dgwokRZ6ZvctE2ImQ
ChIJmZKM98dgwokRZ6ZvctE2ImQ,Depot
Depot,ChIJ2RQH-bBhwokRTxgg6q8oot0
ChIJ2RQH-bBhwokRTxgg6q8oot0,ChIJ8RCw-RFgwokR2k9ClCEnhj8
ChIJ8RCw-RFgwokR2k9ClCEnhj8,ChIJM6EO1A9gwokRjFRmP1pEj4A
ChIJM6EO1A9gwokRjFRmP1pEj4A,ChIJrbsoLXmKwokR7pPDGDDvYdA
ChIJrbsoLXmKwokR7pPDGDDvYdA,ChIJM-u0e7GKwokRZcp5_eyUuTY
ChIJM-u0e7GKwokRZcp5_eyUuTY,ChIJ3x9eV6WKwokR_cY36CC8PWU
ChIJ3x9eV6WKwokR_cY36CC8PWU,ChIJVVU5FxiLwokRV2NhOK1JnV0
ChIJVVU5FxiLwokRV2NhOK1JnV0,ChIJrTFo48j0wokREh-lN_bawU8
ChIJrTFo48j0wokREh-lN_bawU8,ChIJrx4xHav0wokRrYIPq8VG_j8
ChIJrx4xHav0wokRrYIPq8VG_j8,ChIJn3PuW770wokRue-aOe6Cor0
ChIJn3PuW770wokRue-aOe6Cor0,ChIJf9QMl6X0wokRESiH2zECSks
ChIJf9QMl6X0wokRESiH2zECSks,Depot
Depot,ChIJT54-arZgwokRv0WdMDySj8A
ChIJT54-arZgwokRv0WdMDySj8A,ChIJl_dLtCBnwokRMkTJQi7dagg
ChIJl_dLtCBnwokRMkTJQi7dagg,ChIJnZ4lShdkwokRQUAn5mjU1pA
ChIJnZ4lShdkwokRQUAn5mjU1pA,ChIJ8TkuXuFjwokRBX2AiECzqHQ
ChIJ8TkuXuFjwokRBX2AiECzqHQ,ChIJywk2rk9hwokR7YWhekvNfgk
ChIJywk2rk9hwokR7YWhekvNfgk,ChIJrQhi1NVjwokRkbn-d1e7t2M
ChIJrQhi1NVjwokRkbn-d1e7t2M,ChIJTwQYKjRiwokRq9mOKq28JWM
ChIJTwQYKjRiwokRq9mOKq28JWM,ChIJ6d8Uh3liwokRYS_NnocUUI8
ChIJ6d8Uh3liwokRYS_NnocUUI8,ChIJMWGqI-eJwokRgyDuj_4NEBY
ChIJMWGqI-eJwokRgyDuj_4NEBY,ChIJ9X0DD_FhwokRIqyyecrKeMQ
ChIJ9X0DD_FhwokRIqyyecrKeMQ,ChIJr4JMceFhwokRcx2Oie6Ue4w
ChIJr4JMceFhwokRcx2Oie6Ue4w,ChIJwWywa4dCwokRAWd176KIs4U
ChIJwWywa4dCwokRAWd176KIs4U,Depot
Depot,ChIJJ08I7Tz2wokRe5Z0jqyF3F0
ChIJJ08I7Tz2wokRe5Z0jqyF3F0,ChIJbyQcOLX1wokRcdHesrZEXzo
ChIJbyQcOLX1wokRcdHesrZEXzo,ChIJIxI4qT72wokRVC_P9zYi3wA
ChIJIxI4qT72wokRVC_P9zYi3wA,ChIJQwtmq3v2wokRNOjx5cEBhXg
ChIJQwtmq3v2wokRNOjx5cEBhXg,ChIJDV5u56D2wokR9W0EfU4WvfM
ChIJDV5u56D2wokR9W0EfU4WvfM,ChIJT6TbxYX2wokR17y5knj-EHI
ChIJT6TbxYX2wokR17y5knj-EHI,ChIJWwFFbnL0wokRopbHQ46C37o
ChIJWwFFbnL0wokRopbHQ46C37o,ChIJc06_dHP0wokRIcV7_KutxuY
ChIJc06_dHP0wokRIcV7_KutxuY,ChIJ96djgPjzwokRQU6pStHOAVc
ChIJ96djgPjzwokRQU6pStHOAVc,ChIJj-Dtqb_zwokRYlU6uDe6ya4
ChIJj-Dtqb_zwokRYlU6uDe6ya4,ChIJKXaKBL_zwokRZfVNB7ffN7Y
ChIJKXaKBL_zwokRZfVNB7ffN7Y,ChIJcxSw6PbzwokRxcgZLQADues
ChIJcxSw6PbzwokRxcgZLQADues,ChIJ_dOKbpLzwokRCI1iZONnhBY
ChIJ_dOKbpLzwokRCI1iZONnhBY,Depot
Depot,ChIJG9cUYg_1wokRUNpvwM84Z4M
ChIJG9cUYg_1wokRUNpvwM84Z4M,ChIJ2b9se6f1wokRUN8kWpFfzN0
ChIJ2b9se6f1wokRUN8kWpFfzN0,ChIJB-hBRYr0wokRYXREBztnZ-o
ChIJB-hBRYr0wokRYXREBztnZ-o,ChIJt3h5np_0wokRDVZOBiTbD8I
ChIJt3h5np_0wokRDVZOBiTbD8I,ChIJP2C2h630wokR1woOojXHeDE
ChIJP2C2h630wokR1woOojXHeDE,ChIJkW2Qxp_0wokRh5wioK7G_js
ChIJkW2Qxp_0wokRh5wioK7G_js,ChIJi-ji8Kz0wokRFO5Z7M1lUck
ChIJi-ji8Kz0wokRFO5Z7M1lUck,ChIJQRpR6Jj0wokRl9myJ19eEvU
ChIJQRpR6Jj0wokRl9myJ19eEvU,ChIJx6IGgHiMwokRNj1gBBo2i6o
ChIJx6IGgHiMwokRNj1gBBo2i6o,ChIJgyTwaDKLwokRqut7_Zx7ThE
ChIJgyTwaDKLwokRqut7_Zx7ThE,ChIJN4XzuFLzwokR6T1sISPQaxE
ChIJN4XzuFLzwokR6T1sISPQaxE,Depot
Depot,ChIJE1zZSVhFwokRNEzmWhyQfLs
ChIJE1zZSVhFwokRNEzmWhyQfLs,ChIJp8T6e81awokR4aWMqkUpdsc
ChIJp8T6e81awokR4aWMqkUpdsc,ChIJqyvyOyJFwokRkEOhzsejjSA
ChIJqyvyOyJFwokRkEOhzsejjSA,ChIJX9DK2EBEwokRM9kDwjBVtag
ChIJX9DK2EBEwokRM9kDwjBVtag,ChIJYzaRC2REwokRaH2rHpflSYk
ChIJYzaRC2REwokRaH2rHpflSYk,ChIJIYrXpHdEwokRlW_Ep7hr84A
ChIJIYrXpHdEwokRlW_Ep7hr84A,ChIJtW3GupREwokRowxD7zqpqSg
ChIJtW3GupREwokRowxD7zqpqSg,ChIJdZ_Q6F1EwokR_N8wFMX7W3o
ChIJdZ_Q6F1EwokR_N8wFMX7W3o,ChIJzRG6yrrzwokRQ5kjG2RJCwM
ChIJzRG6yrrzwokRQ5kjG2RJCwM,ChIJHTb8J3bzwokRpm4z4c8A900
ChIJHTb8J3bzwokRpm4z4c8A900,ChIJg03sPoTzwokRZ0bd2e2Tl2s
ChIJg03sPoTzwokRZ0bd2e2Tl2s,ChIJUdrWy5bzwokRrqqaID530ss
ChIJUdrWy5bzwokRrqqaID530ss,Depot
Depot,ChIJA-sMEoDzwokRejg56Nt4KEY
ChIJA-sMEoDzwokRejg56Nt4KEY,ChIJpaGixA_zwokRbRj_b-37Qvg
ChIJpaGixA_zwokRbRj_b-37Qvg,ChIJETopIL_zwokRtrOoWqb-sLI
ChIJETopIL_zwokRtrOoWqb-sLI,ChIJN4cpNB1mwokRoz2EEGXJsPM
ChIJN4cpNB1mwokRoz2EEGXJsPM,ChIJ6zAR6itowokRbSM46YIy-9o
ChIJ6zAR6itowokRbSM46YIy-9o,ChIJE8REQO6JwokR1iYnpA4RLgg
ChIJE8REQO6JwokR1iYnpA4RLgg,ChIJ6RiUQ7eMwokRyhhHqH0yGG8
ChIJ6RiUQ7eMwokRyhhHqH0yGG8,Depot
